{"cameraMode":{"drawMode":0,"name":"Shaded","section":"Shading Mode"},"sceneLighting":false,"audioPlay":false,"sceneViewState":{"showFog":true,"showMaterialUpdate":true,"showSkybox":false,"showFlares":true,"showImageEffects":true,"showParticleSystems":true},"in2DMode":false,"pivot":{"x":31.828418731689454,"y":13.579298973083496,"z":25.059375762939454},"rotation":{"x":0.2261945605278015,"y":-0.1339278668165207,"z":0.031415149569511417,"w":0.9643229842185974},"size":6.06593132019043,"orthographic":false}