{"cameraMode":{"drawMode":0,"name":"Shaded","section":"Shading Mode"},"sceneLighting":false,"audioPlay":false,"sceneViewState":{"showFog":true,"showMaterialUpdate":true,"showSkybox":false,"showFlares":true,"showImageEffects":true,"showParticleSystems":true},"in2DMode":false,"pivot":{"x":12.117144584655762,"y":3.3605868816375734,"z":36.96990966796875},"rotation":{"x":-0.06900709867477417,"y":0.08429484069347382,"z":-0.005852634087204933,"w":-0.9940420389175415},"size":1.7888572216033936,"orthographic":false}