{"cameraMode":{"drawMode":0,"name":"Shaded","section":"Shading Mode"},"sceneLighting":true,"audioPlay":false,"sceneViewState":{"showFog":true,"showMaterialUpdate":true,"showSkybox":true,"showFlares":true,"showImageEffects":true,"showParticleSystems":true},"in2DMode":false,"pivot":{"x":2.5468480587005617,"y":1.8866424560546876,"z":59.48117446899414},"rotation":{"x":0.10994062572717667,"y":0.32015129923820498,"z":-0.03743048757314682,"w":0.9402365684509277},"size":3.4110965728759767,"orthographic":false}