{"cameraMode":{"drawMode":0,"name":"Shaded","section":"Shading Mode"},"sceneLighting":false,"audioPlay":false,"sceneViewState":{"showFog":true,"showMaterialUpdate":true,"showSkybox":false,"showFlares":true,"showImageEffects":true,"showParticleSystems":true},"in2DMode":false,"pivot":{"x":27.064773559570314,"y":3.344393491744995,"z":41.84479904174805},"rotation":{"x":0.04568285867571831,"y":0.26498907804489138,"z":-0.012569203041493893,"w":0.9630931615829468},"size":3.0644454956054689,"orthographic":false}