{"cameraMode":{"drawMode":0,"name":"Shaded","section":"Shading Mode"},"sceneLighting":false,"audioPlay":false,"sceneViewState":{"showFog":true,"showMaterialUpdate":true,"showSkybox":false,"showFlares":true,"showImageEffects":true,"showParticleSystems":true},"in2DMode":false,"pivot":{"x":22.154094696044923,"y":14.039422988891602,"z":45.97689437866211},"rotation":{"x":0.2681023180484772,"y":0.160910502076149,"z":-0.045469604432582858,"w":0.9487716555595398},"size":243.98846435546876,"orthographic":false}