{"cameraMode":{"drawMode":0,"name":"Shaded","section":"Shading Mode"},"sceneLighting":false,"audioPlay":false,"sceneViewState":{"showFog":true,"showMaterialUpdate":true,"showSkybox":false,"showFlares":true,"showImageEffects":true,"showParticleSystems":true},"in2DMode":false,"pivot":{"x":6.349885940551758,"y":3.826936721801758,"z":48.89179229736328},"rotation":{"x":0.28202003240585329,"y":-0.002877450780943036,"z":0.0008474079659208655,"w":0.9594122767448425},"size":36.35848617553711,"orthographic":false}