{"cameraMode":{"drawMode":0,"name":"Shaded","section":"Shading Mode"},"sceneLighting":false,"audioPlay":false,"sceneViewState":{"showFog":true,"showMaterialUpdate":true,"showSkybox":false,"showFlares":true,"showImageEffects":true,"showParticleSystems":true},"in2DMode":false,"pivot":{"x":0.0,"y":0.03451675921678543,"z":5.587935447692871e-9},"rotation":{"x":0.10875262320041657,"y":0.34849727153778078,"z":-0.04074757918715477,"w":0.9300912618637085},"size":0.1789470911026001,"orthographic":false}