{"cameraMode":{"drawMode":0,"name":"Shaded","section":"Shading Mode"},"sceneLighting":false,"audioPlay":false,"sceneViewState":{"showFog":true,"showMaterialUpdate":true,"showSkybox":false,"showFlares":true,"showImageEffects":true,"showParticleSystems":true},"in2DMode":false,"pivot":{"x":-3.8558645248413088,"y":7.881720066070557,"z":-0.01797616481781006},"rotation":{"x":-0.018165461719036104,"y":0.9799075126647949,"z":-0.16801580786705018,"w":-0.10594483464956284},"size":5.946291446685791,"orthographic":false}