{"cameraMode":{"drawMode":0,"name":"Shaded","section":"Shading Mode"},"sceneLighting":false,"audioPlay":false,"sceneViewState":{"showFog":true,"showMaterialUpdate":true,"showSkybox":false,"showFlares":true,"showImageEffects":true,"showParticleSystems":true},"in2DMode":false,"pivot":{"x":19.16675567626953,"y":0.8848658800125122,"z":39.11366271972656},"rotation":{"x":0.30771782994270327,"y":0.024259349331259729,"z":-0.007848172448575497,"w":0.951138973236084},"size":28.064998626708986,"orthographic":false}