{"cameraMode":{"drawMode":0,"name":"Shaded","section":"Shading Mode"},"sceneLighting":false,"audioPlay":false,"sceneViewState":{"showFog":true,"showMaterialUpdate":true,"showSkybox":false,"showFlares":true,"showImageEffects":true,"showParticleSystems":true},"in2DMode":false,"pivot":{"x":38.36516571044922,"y":2.1102402210235597,"z":26.171947479248048},"rotation":{"x":0.10875262320041657,"y":0.34849727153778078,"z":-0.04074757918715477,"w":0.9300912618637085},"size":7.386245250701904,"orthographic":false}